name_brick,price,nacenka,
Кирпич керамический облицовочный пустотелый ,12.8," 0,80р. "," 2,70р. "
Кирпич керамический облицовочный одинарный пустотелый,9," 0,80р. "," 2,70р. "
"Кирпич керамический облицовочный полуторный пустотелый ""короед""",11.15," 0,80р. "," 2,70р. "
"Кирпич керамический облицовочный одинарный пустотелый ""короед""",9," 0,80р. "," 2,70р. "
"Кирпич керамический облицовочный полуторный пустотелый ""черепашка""",11.15," 0,80р. "," 2,70р. "
"Кирпич керамический облицовочный одинарный пустотелый ""черепашка""",9," 0,80р. "," 2,70р. "
"Кирпич керамический облицовочный ""половинка"" пустотелый",7.9," 0,80р. "," 2,70р. "
"Кирпич керамический облицовочный ""половинка"" пустотелый ""черепашка""",7.9," 0,80р. "," 2,70р. "
"Кирпич керамический облицовочный ""половинка"" пустотелый ""короед""",7.9," 0,80р. "," 2,70р. "
"Кирпич керамический облицовочный полуторный пустотелый ""шоколад""",22," 0,80р. "," 2,70р. "
"Кирпич керамический облицовочный одинарный пустотелый ""шоколад""",14," 0,80р. "," 2,70р. "
"Кирпич керамический облицовочный полуторный пустотелый ""черепашка""",22," 0,80р. "," 2,70р. "
"Кирпич керамический облицовочный одинарный пустотелый ""черепашка""",14," 0,80р. "," 2,70р. "
"Кирпич керамический облицовочный одинарный пустотелый ""короед""",14," 0,80р. "," 2,70р. "
"Кирпич керамический облицовочный полуторный пустотелый ""короед""",22," 0,80р. "," 2,70р. "
"Кирпич керамический облицовочный ""половинка"" пустотелый",10.95," 0,80р. "," 2,70р. "
"Кирпич керамический облицовочный ""половинка"" пустотелый ""черепашка""",10.95," 0,80р. "," 2,70р. "
"Кирпич керамический облицовочный ""половинка"" пустотелый ""короед""",10.95," 0,80р. "," 2,70р. "
"Кирпич керамический облицовочный одинарный пустотелый ""слоновая кость""",0,,
"Кирпич керамический облицовочный полуторный пустотелый ""солома""",0,,
"Кирпич керамический облицовочный одинарный пустотелый ""солома"" ",0,,
Камень (блок) керамический красный рядовой пустотелый с рифленой поверхностью new!,14.5," 0,80р. "," 2,70р. "
Кирпич керамический рядовой  полуторный пустотелый ,8," 0,80р. "," 2,70р. "
Кирпич керамический рядовой одинарный пустотелый ,6," 0,80р. "," 2,70р. "
