Кирпич керамический облицовочный пустотелый ,"12,80"," 0,80р. "," 2,70р. "
Кирпич керамический облицовочный одинарный пустотелый,"9,00"," 0,80р. "," 2,70р. "
"Кирпич керамический облицовочный полуторный пустотелый ""короед""","11,15"," 0,80р. "," 2,70р. "
"Кирпич керамический облицовочный одинарный пустотелый ""короед""","9,00"," 0,80р. "," 2,70р. "
"Кирпич керамический облицовочный полуторный пустотелый ""черепашка""","11,15"," 0,80р. "," 2,70р. "
"Кирпич керамический облицовочный одинарный пустотелый ""черепашка""","9,00"," 0,80р. "," 2,70р. "
"Кирпич керамический облицовочный ""половинка"" пустотелый","7,90"," 0,80р. "," 2,70р. "
"Кирпич керамический облицовочный ""половинка"" пустотелый ""черепашка""","7,90"," 0,80р. "," 2,70р. "
"Кирпич керамический облицовочный ""половинка"" пустотелый ""короед""","7,90"," 0,80р. "," 2,70р. "
"Кирпич керамический облицовочный полуторный пустотелый ""шоколад""","22,00"," 0,80р. "," 2,70р. "
"Кирпич керамический облицовочный одинарный пустотелый ""шоколад""","14,00"," 0,80р. "," 2,70р. "
"Кирпич керамический облицовочный полуторный пустотелый ""черепашка""","22,00"," 0,80р. "," 2,70р. "
"Кирпич керамический облицовочный одинарный пустотелый ""черепашка""","14,00"," 0,80р. "," 2,70р. "
"Кирпич керамический облицовочный одинарный пустотелый ""короед""","14,00"," 0,80р. "," 2,70р. "
"Кирпич керамический облицовочный полуторный пустотелый ""короед""","22,00"," 0,80р. "," 2,70р. "
"Кирпич керамический облицовочный ""половинка"" пустотелый","10,95"," 0,80р. "," 2,70р. "
"Кирпич керамический облицовочный ""половинка"" пустотелый ""черепашка""","10,95"," 0,80р. "," 2,70р. "
"Кирпич керамический облицовочный ""половинка"" пустотелый ""короед""","10,95"," 0,80р. "," 2,70р. "
"Кирпич керамический облицовочный одинарный пустотелый ""слоновая кость""","0,00",,
"Кирпич керамический облицовочный полуторный пустотелый ""солома""new!","0,00",,
"Кирпич керамический облицовочный одинарный пустотелый ""солома"" new!","0,00",,
Камень (блок) керамический красный рядовой пустотелый с рифленой поверхностью new!,"14,5"," 0,80р. "," 2,70р. "
Кирпич керамический рядовой  полуторный пустотелый ,"8,00"," 0,80р. "," 2,70р. "
Кирпич керамический рядовой одинарный пустотелый ,"6,00"," 0,80р. "," 2,70р. "
,,,
,,,
,,,
, ,,
